SupplierName,Phone
BuildPro Supplies,617-555-9000
BuildPro Supplies,617-555-9001
SteelWorks Inc,312-555-8000
SteelWorks Inc,312-555-8001
Oceanic Materials,305-555-7000
Global Glass Co,206-555-6000
Pacific Materials,619-555-6500
Southern Concrete,404-555-6600
